lr-SGD,step,train_loss,epoch
0.004229375747361028,49,,
,49,1.850461483001709,0
0.004934024761946765,99,,
,99,1.693556308746338,0
0.006107030640911407,149,,
,149,1.4845021963119507,0
